﻿{"cameraMode":{"drawMode":0,"name":"Shaded","section":"Shading Mode"},"sceneLighting":true,"audioPlay":false,"sceneViewState":{"showFog":true,"showMaterialUpdate":false,"showSkybox":true,"showFlares":true,"showImageEffects":true,"showParticleSystems":true},"in2DMode":false,"pivot":{"x":437.6742248535156,"y":182.39093017578126,"z":-51.0118408203125},"rotation":{"x":-0.17314739525318147,"y":-0.13924714922904969,"z":0.02473636344075203,"w":-0.9746888279914856},"size":1739.07275390625,"orthographic":false}