﻿{"cameraMode":{"drawMode":0,"name":"Shaded","section":"Shading Mode"},"sceneLighting":false,"audioPlay":false,"sceneViewState":{"showFog":true,"showMaterialUpdate":false,"showSkybox":false,"showFlares":true,"showImageEffects":true,"showParticleSystems":true},"in2DMode":false,"pivot":{"x":74.85757446289063,"y":83.49412536621094,"z":-27.485076904296876},"rotation":{"x":0.11734473705291748,"y":-0.09755878895521164,"z":-0.01158454455435276,"w":-0.9882197976112366},"size":171.56802368164063,"orthographic":false}