﻿{"cameraMode":{"drawMode":0,"name":"Shaded","section":"Shading Mode"},"sceneLighting":false,"audioPlay":false,"sceneViewState":{"showFog":true,"showMaterialUpdate":false,"showSkybox":false,"showFlares":true,"showImageEffects":true,"showParticleSystems":true},"in2DMode":false,"pivot":{"x":1.9800000190734864,"y":0.5339999198913574,"z":-0.047711923718452457},"rotation":{"x":-0.16157828271389008,"y":0.015391689725220204,"z":-0.002520411042496562,"w":-0.9867366552352905},"size":6.736320495605469,"orthographic":false}