﻿{"cameraMode":{"drawMode":0,"name":"Shaded","section":"Shading Mode"},"sceneLighting":false,"audioPlay":false,"sceneViewState":{"showFog":true,"showMaterialUpdate":false,"showSkybox":false,"showFlares":true,"showImageEffects":true,"showParticleSystems":true},"in2DMode":false,"pivot":{"x":0.34529733657836916,"y":-0.12874996662139893,"z":0.008284643292427063},"rotation":{"x":-0.16157828271389008,"y":0.015391689725220204,"z":-0.002520411042496562,"w":-0.9867366552352905},"size":4.028005123138428,"orthographic":false}