﻿{"cameraMode":{"drawMode":0,"name":"Shaded","section":"Shading Mode"},"sceneLighting":true,"audioPlay":false,"sceneViewState":{"showFog":true,"showMaterialUpdate":false,"showSkybox":true,"showFlares":true,"showImageEffects":true,"showParticleSystems":true},"in2DMode":false,"pivot":{"x":-10.134492874145508,"y":-94.4676284790039,"z":91.21682739257813},"rotation":{"x":-0.16899257898330689,"y":0.005023735575377941,"z":-0.0008614337421022356,"w":-0.9856041669845581},"size":509.711181640625,"orthographic":false}